-- phpMyAdmin SQL Dump
-- version 4.1.12
-- http://www.phpmyadmin.net
--
-- Host: 127.0.0.1
-- Generation Time: Jan 17, 2020 at 08:45 AM
-- Server version: 5.6.16
-- PHP Version: 5.5.11

SET SQL_MODE = "NO_AUTO_VALUE_ON_ZERO";
SET time_zone = "+00:00";


/*!40101 SET @OLD_CHARACTER_SET_CLIENT=@@CHARACTER_SET_CLIENT */;
/*!40101 SET @OLD_CHARACTER_SET_RESULTS=@@CHARACTER_SET_RESULTS */;
/*!40101 SET @OLD_COLLATION_CONNECTION=@@COLLATION_CONNECTION */;
/*!40101 SET NAMES utf8 */;

--
-- Database: `gisci`
--
CREATE DATABASE IF NOT EXISTS `gisci` DEFAULT CHARACTER SET latin1 COLLATE latin1_swedish_ci;
USE `gisci`;

-- --------------------------------------------------------

--
-- Table structure for table `lokasi`
--

DROP TABLE IF EXISTS `lokasi`;
CREATE TABLE IF NOT EXISTS `lokasi` (
  `id` int(5) NOT NULL AUTO_INCREMENT,
  `nama` varchar(50) NOT NULL,
  `latitude` varchar(50) NOT NULL,
  `longitude` varchar(50) NOT NULL,
  `image` varchar(50) NOT NULL,
  PRIMARY KEY (`id`)
) ENGINE=InnoDB  DEFAULT CHARSET=latin1 AUTO_INCREMENT=3 ;

--
-- Dumping data for table `lokasi`
--

INSERT INTO `lokasi` (`id`, `nama`, `latitude`, `longitude`, `image`) VALUES
(1, 'Monkasel', '-7.264316806849713', '112.75048109580075', ''),
(2, 'Museum Siola', '-7.255632263613531', '112.7378639845947', '');

-- --------------------------------------------------------

--
-- Table structure for table `user`
--

DROP TABLE IF EXISTS `user`;
CREATE TABLE IF NOT EXISTS `user` (
  `id` int(11) NOT NULL AUTO_INCREMENT,
  `name` varchar(128) NOT NULL,
  `username` varchar(50) NOT NULL,
  `email` varchar(128) NOT NULL,
  `image` varchar(128) NOT NULL,
  `password` varchar(256) NOT NULL,
  `role_id` int(11) NOT NULL,
  `is_active` int(1) NOT NULL,
  `date_created` int(11) NOT NULL,
  PRIMARY KEY (`id`)
) ENGINE=InnoDB  DEFAULT CHARSET=latin1 AUTO_INCREMENT=11 ;

--
-- Dumping data for table `user`
--

INSERT INTO `user` (`id`, `name`, `username`, `email`, `image`, `password`, `role_id`, `is_active`, `date_created`) VALUES
(3, 'Administrator', 'admin', 'admin@admin.com', 'default.jpg', '$2y$10$xP5rx.6d0AasybhMP23yVeMTGKehXum1f88FqO3oL8tP0m5H5369m', 1, 1, 1555463755),
(10, 'Member', 'member', 'member@member.com', '1556096737283.jpg', '$2y$10$8ncaQruemAiAVbM9StbxkeUnyjv1zirNcmPaKOTsS2fU86Pcgsaqu', 2, 1, 1556095800);

-- --------------------------------------------------------

--
-- Table structure for table `user_access_menu`
--

DROP TABLE IF EXISTS `user_access_menu`;
CREATE TABLE IF NOT EXISTS `user_access_menu` (
  `id` int(11) NOT NULL AUTO_INCREMENT,
  `role_id` int(11) NOT NULL,
  `menu_id` int(11) NOT NULL,
  PRIMARY KEY (`id`)
) ENGINE=InnoDB  DEFAULT CHARSET=latin1 AUTO_INCREMENT=9 ;

--
-- Dumping data for table `user_access_menu`
--

INSERT INTO `user_access_menu` (`id`, `role_id`, `menu_id`) VALUES
(1, 1, 1),
(2, 1, 2),
(3, 2, 2),
(4, 1, 3),
(5, 3, 2),
(6, 3, 3),
(7, 1, 4),
(8, 1, 5);

-- --------------------------------------------------------

--
-- Table structure for table `user_menu`
--

DROP TABLE IF EXISTS `user_menu`;
CREATE TABLE IF NOT EXISTS `user_menu` (
  `id` int(11) NOT NULL AUTO_INCREMENT,
  `menu` varchar(128) NOT NULL,
  PRIMARY KEY (`id`)
) ENGINE=InnoDB  DEFAULT CHARSET=latin1 AUTO_INCREMENT=6 ;

--
-- Dumping data for table `user_menu`
--

INSERT INTO `user_menu` (`id`, `menu`) VALUES
(1, 'Admin'),
(2, 'User'),
(3, 'Menu'),
(4, 'GIS'),
(5, 'Poly');

-- --------------------------------------------------------

--
-- Table structure for table `user_role`
--

DROP TABLE IF EXISTS `user_role`;
CREATE TABLE IF NOT EXISTS `user_role` (
  `id` int(11) NOT NULL AUTO_INCREMENT,
  `role` varchar(256) NOT NULL,
  PRIMARY KEY (`id`)
) ENGINE=InnoDB  DEFAULT CHARSET=latin1 AUTO_INCREMENT=3 ;

--
-- Dumping data for table `user_role`
--

INSERT INTO `user_role` (`id`, `role`) VALUES
(1, 'Administrator'),
(2, 'Member');

-- --------------------------------------------------------

--
-- Table structure for table `user_sub_menu`
--

DROP TABLE IF EXISTS `user_sub_menu`;
CREATE TABLE IF NOT EXISTS `user_sub_menu` (
  `id` int(11) NOT NULL AUTO_INCREMENT,
  `menu_id` int(11) NOT NULL,
  `title` varchar(128) NOT NULL,
  `url` varchar(128) NOT NULL,
  `icon` varchar(128) NOT NULL,
  `is_active` int(1) NOT NULL,
  PRIMARY KEY (`id`)
) ENGINE=InnoDB  DEFAULT CHARSET=latin1 AUTO_INCREMENT=14 ;

--
-- Dumping data for table `user_sub_menu`
--

INSERT INTO `user_sub_menu` (`id`, `menu_id`, `title`, `url`, `icon`, `is_active`) VALUES
(1, 1, 'Dashboard', 'admin', 'fas fa-fw fa-tachometer-alt', 1),
(2, 2, 'My Profile', 'user', 'fas fa-fw fa-user', 1),
(3, 2, 'Edit Profile', 'user/edit', 'fas fa-fw fa-user-edit', 1),
(4, 3, 'Menu Management', 'menu', 'fas fa-fw fa-folder', 1),
(5, 3, 'Submenu Management', 'menu/submenu', 'fas fa-fw fa-folder-open', 1),
(7, 1, 'Role', 'admin/role', 'fas fa-fw fa-user-tie', 1),
(8, 2, 'Change Password', 'user/changepassword', 'fas fa-fw fa-key', 1),
(9, 1, 'User Login', 'admin/userlogin', 'fas fa-fw fa-user-alt', 1),
(10, 1, 'Web Setting', 'admin/websetting', 'fas fa-fw fa-wrench', 1),
(11, 4, 'Lokasi', 'gis', 'fas fa-fw fa-wrench', 1),
(12, 4, 'My Location', 'gis/mylocation', 'fas fa-fw fa-globe', 1),
(13, 5, 'Koordinat', 'poly/koordinat', 'fas fa-fw fa-image', 1);

-- --------------------------------------------------------

--
-- Table structure for table `user_token`
--

DROP TABLE IF EXISTS `user_token`;
CREATE TABLE IF NOT EXISTS `user_token` (
  `id` int(11) NOT NULL AUTO_INCREMENT,
  `email` varchar(128) NOT NULL,
  `token` varchar(128) NOT NULL,
  `date_created` int(11) NOT NULL,
  PRIMARY KEY (`id`)
) ENGINE=InnoDB  DEFAULT CHARSET=latin1 AUTO_INCREMENT=2 ;

--
-- Dumping data for table `user_token`
--

INSERT INTO `user_token` (`id`, `email`, `token`, `date_created`) VALUES
(1, 'admin2@admin2.com', 'mSq7NsYMGKC3ItbfAgOpirPovDBdVL21', 1577799424);

-- --------------------------------------------------------

--
-- Table structure for table `web_setting`
--

DROP TABLE IF EXISTS `web_setting`;
CREATE TABLE IF NOT EXISTS `web_setting` (
  `id` int(11) NOT NULL AUTO_INCREMENT,
  `name` varchar(512) NOT NULL,
  `is_active` int(11) NOT NULL,
  PRIMARY KEY (`id`)
) ENGINE=InnoDB  DEFAULT CHARSET=latin1 AUTO_INCREMENT=3 ;

--
-- Dumping data for table `web_setting`
--

INSERT INTO `web_setting` (`id`, `name`, `is_active`) VALUES
(1, 'signup_member', 1),
(2, 'forgot_password', 1);

/*!40101 SET CHARACTER_SET_CLIENT=@OLD_CHARACTER_SET_CLIENT */;
/*!40101 SET CHARACTER_SET_RESULTS=@OLD_CHARACTER_SET_RESULTS */;
/*!40101 SET COLLATION_CONNECTION=@OLD_COLLATION_CONNECTION */;
